case,h,breaks,fixes,worst_2_15,worst_216_15,worst_31_106,frac_2_15,fail,cells,runtime_s
bare,0.000,,,-8.486,-8.946,-11.803,0.839,2.00-2.07;11.02-13.03,2734270,64
ms,3.900,2.08-3.29;3.49-4.32;10.65-11.01,12.26-13.03,-1.503,-2.041,-4.294,0.712,2.00-3.29;3.49-4.32;10.65-12.25,6195280,890
ms,10.000,2.08-3.28;3.42-4.08;10.87-11.01,12.40-13.03,-3.306,-4.660,-6.888,0.732,2.00-3.28;3.42-4.08;10.87-12.39,6599320,1408
ms,15.000,2.08-2.30;2.97-3.75;13.04-13.12,11.02-11.07,-5.790,-7.526,-7.526,0.758,2.00-2.30;2.97-3.75;11.08-13.12,6936020,982
ms,20.000,2.08-2.26;3.03-3.49;13.04-13.04,11.02-11.10,-5.914,-8.293,-9.289,0.794,2.00-2.26;3.03-3.49;11.11-13.04,7272720,897
ms,25.000,2.08-2.19,11.02-11.05;12.89-13.03,-6.425,-8.789,-11.025,0.844,2.00-2.19;11.06-12.88,7609420,719
ms,27.500,2.08-2.15,12.89-13.03,-6.779,-8.890,-12.001,0.844,2.00-2.15;11.02-12.88,7811440,694
ms,30.000,,2.00-2.07;11.02-11.03;12.99-13.03,-9.139,-9.139,-11.651,0.850,11.04-12.98,7946120,886
ms,32.500,13.04-13.07,2.00-2.07;11.02-11.03,-9.043,-9.043,-12.000,0.843,11.04-13.07,8148140,859
ms,35.000,,2.00-2.07;12.86-13.03,-8.892,-8.892,-12.074,0.859,11.02-12.85,8282820,901
ms,40.000,,2.00-2.07;12.95-13.03,-8.963,-8.963,-11.684,0.852,11.02-12.94,8619520,920
plate,20.000,2.08-2.08;13.04-13.05,11.02-11.04,-8.291,-9.072,-11.802,0.839,2.00-2.08;11.05-13.05,7174332,178
plate,30.000,11.01-11.01;13.04-13.10,2.00-2.07,-9.068,-9.068,-11.548,0.839,11.01-13.10,7838622,279
