# f_GHz,S11_dB (mean of red pixels per column)
0.0086,0.0000
0.0172,0.0000
0.0258,0.0000
0.0343,0.0000
0.0429,0.0000
0.0515,0.0000
0.0601,0.0000
0.0687,0.0000
0.0773,0.0000
0.0858,0.0000
0.0944,0.0000
0.1030,0.0000
0.1116,0.0000
0.1202,0.0000
0.1288,-0.0221
0.1373,-0.0221
0.1459,-0.0221
0.1545,-0.0221
0.1631,-0.0221
0.1717,-0.0221
0.1803,-0.0221
0.1888,-0.0221
0.1974,-0.0221
0.2060,-0.0221
0.2146,-0.0221
0.2232,-0.0221
0.2318,-0.0221
0.2403,-0.0221
0.2489,-0.0441
0.2575,-0.0662
0.2661,-0.0662
0.2747,-0.0662
0.2833,-0.0662
0.2918,-0.0662
0.3004,-0.0662
0.3090,-0.0662
0.3176,-0.0662
0.3262,-0.0662
0.3348,-0.0662
0.3433,-0.0883
0.3519,-0.1103
0.3605,-0.1103
0.3691,-0.1103
0.3777,-0.1103
0.3863,-0.1103
0.3948,-0.1103
0.4034,-0.1103
0.4120,-0.1324
0.4206,-0.1545
0.4292,-0.1545
0.4378,-0.1545
0.4464,-0.1545
0.4549,-0.1545
0.4635,-0.1545
0.4721,-0.1765
0.4807,-0.1986
0.4893,-0.1986
0.4979,-0.1986
0.5064,-0.1986
0.5150,-0.1986
0.5236,-0.2207
0.5322,-0.2427
0.5408,-0.2427
0.5494,-0.2427
0.5579,-0.2648
0.5665,-0.2869
0.5751,-0.2869
0.5837,-0.2869
0.5923,-0.2869
0.6009,-0.2869
0.6094,-0.3090
0.6180,-0.3310
0.6266,-0.3310
0.6352,-0.3310
0.6438,-0.3531
0.6524,-0.3752
0.6609,-0.3752
0.6695,-0.3752
0.6781,-0.3752
0.6867,-0.3972
0.6953,-0.4193
0.7039,-0.4414
0.7124,-0.4634
0.7210,-0.4634
0.7296,-0.4634
0.7382,-0.4855
0.7468,-0.5076
0.7554,-0.5076
0.7639,-0.5076
0.7725,-0.5296
0.7811,-0.5517
0.7897,-0.5738
0.7983,-0.5958
0.8069,-0.5958
0.8155,-0.5958
0.8240,-0.6179
0.8326,-0.6400
0.8412,-0.6400
0.8498,-0.6620
0.8584,-0.6841
0.8670,-0.7062
0.8755,-0.7282
0.8841,-0.7503
0.8927,-0.7724
0.9013,-0.7724
0.9099,-0.7724
0.9185,-0.7945
0.9270,-0.8165
0.9356,-0.8386
0.9442,-0.8607
0.9528,-0.8827
0.9614,-0.9048
0.9700,-0.9269
0.9785,-0.9489
0.9871,-0.9710
0.9957,-0.9931
1.0043,-1.0151
1.0129,-1.0372
1.0215,-1.0372
1.0300,-1.0593
1.0386,-1.0813
1.0472,-1.1034
1.0558,-1.1475
1.0644,-1.1917
1.0730,-1.2137
1.0815,-1.2358
1.0901,-1.2579
1.0987,-1.2799
1.1073,-1.3020
1.1159,-1.3241
1.1245,-1.3682
1.1330,-1.4124
1.1416,-1.4344
1.1502,-1.4565
1.1588,-1.4786
1.1674,-1.5006
1.1760,-1.5448
1.1845,-1.5889
1.1931,-1.6110
1.2017,-1.6330
1.2103,-1.6772
1.2189,-1.6992
1.2275,-1.7213
1.2361,-1.7434
1.2446,-1.7654
1.2532,-1.8096
1.2618,-1.8537
1.2704,-1.8979
1.2790,-1.9420
1.2876,-1.9641
1.2961,-1.9861
1.3047,-2.0303
1.3133,-2.0744
1.3219,-2.1185
1.3305,-2.1627
1.3391,-2.2068
1.3476,-2.2509
1.3562,-2.2951
1.3648,-2.3392
1.3734,-2.3834
1.3820,-2.4275
1.3906,-2.4716
1.3991,-2.4937
1.4077,-2.5158
1.4163,-2.5599
1.4249,-2.6040
1.4335,-2.6482
1.4421,-2.6923
1.4506,-2.7585
1.4592,-2.8247
1.4678,-2.8689
1.4764,-2.9130
1.4850,-2.9571
1.4936,-3.0013
1.5021,-3.0675
1.5107,-3.1337
1.5193,-3.1778
1.5279,-3.2219
1.5365,-3.2881
1.5451,-3.3544
1.5536,-3.4206
1.5622,-3.4868
1.5708,-3.5309
1.5794,-3.5530
1.5880,-3.5750
1.5966,-3.6412
1.6052,-3.7074
1.6137,-3.7736
1.6223,-3.8398
1.6309,-3.9061
1.6395,-3.9723
1.6481,-4.0385
1.6567,-4.1267
1.6652,-4.2150
1.6738,-4.2812
1.6824,-4.3474
1.6910,-4.4136
1.6996,-4.4798
1.7082,-4.5681
1.7167,-4.6564
1.7253,-4.7226
1.7339,-4.7888
1.7425,-4.8550
1.7511,-4.9212
1.7597,-4.9874
1.7682,-5.0536
1.7768,-5.1419
1.7854,-5.2081
1.7940,-5.2743
1.8026,-5.3625
1.8112,-5.4508
1.8197,-5.5391
1.8283,-5.6274
1.8369,-5.7156
1.8455,-5.8260
1.8541,-5.9142
1.8627,-6.0246
1.8712,-6.1129
1.8798,-6.2011
1.8884,-6.2894
1.8970,-6.3997
1.9056,-6.4880
1.9142,-6.6204
1.9227,-6.7087
1.9313,-6.8190
1.9399,-6.8852
1.9485,-6.9515
1.9571,-7.0397
1.9657,-7.1280
1.9742,-7.2383
1.9828,-7.3487
1.9914,-7.4811
2.0000,-7.5914
2.0086,-7.7238
2.0172,-7.8342
2.0258,-7.9666
2.0343,-8.0769
2.0429,-8.2093
2.0515,-8.3197
2.0601,-8.4521
2.0687,-8.5845
2.0773,-8.7169
2.0858,-8.8493
2.0944,-9.0038
2.1030,-9.1362
2.1116,-9.2907
2.1202,-9.4010
2.1288,-9.5113
2.1373,-9.6217
2.1459,-9.7320
2.1545,-9.8865
2.1631,-10.0189
2.1717,-10.1955
2.1803,-10.3279
2.1888,-10.5044
2.1974,-10.6589
2.2060,-10.8354
2.2146,-11.0120
2.2232,-11.1885
2.2318,-11.3651
2.2403,-11.5416
2.2489,-11.7182
2.2575,-11.8947
2.2661,-12.0712
2.2747,-12.2699
2.2833,-12.4464
2.2918,-12.6671
2.3004,-12.8216
2.3090,-12.9981
2.3176,-13.1526
2.3262,-13.3291
2.3348,-13.5277
2.3433,-13.7484
2.3519,-13.9691
2.3605,-14.1898
2.3691,-14.4325
2.3777,-14.6532
2.3863,-14.9180
2.3948,-15.1608
2.4034,-15.4256
2.4120,-15.6904
2.4206,-15.9773
2.4292,-16.2421
2.4378,-16.5511
2.4464,-16.8380
2.4549,-17.1469
2.4635,-17.4559
2.4721,-17.7869
2.4807,-18.1179
2.4893,-18.4710
2.4979,-18.7579
2.5064,-19.0668
2.5150,-19.3096
2.5236,-19.6406
2.5322,-19.9937
2.5408,-20.3909
2.5494,-20.8323
2.5579,-21.2736
2.5665,-21.7371
2.5751,-22.2446
2.5837,-22.7522
2.5923,-23.2818
2.6009,-23.8335
2.6094,-24.4073
2.6180,-25.0252
2.6266,-25.6652
2.6352,-26.3493
2.6438,-27.0555
2.6524,-27.8058
2.6609,-28.5782
2.6695,-29.3726
2.6781,-30.0126
2.6867,-30.6526
2.6953,-31.1381
2.7039,-31.6236
2.7124,-32.1091
2.7210,-32.3739
2.7296,-32.5946
2.7382,-32.3960
2.7468,-32.1532
2.7554,-31.6015
2.7639,-31.0498
2.7725,-30.3657
2.7811,-29.6816
2.7897,-28.9975
2.7983,-28.2913
2.8069,-27.6734
2.8155,-27.0113
2.8240,-26.4596
2.8326,-25.8638
2.8412,-25.3562
2.8498,-24.8266
2.8584,-24.4515
2.8670,-24.0763
2.8755,-23.7894
2.8841,-23.4584
2.8927,-23.1053
2.9013,-22.7301
2.9099,-22.3550
2.9185,-22.0240
2.9270,-21.6709
2.9356,-21.3840
2.9442,-21.0530
2.9528,-20.7881
2.9614,-20.5013
2.9700,-20.2585
2.9785,-19.9937
2.9871,-19.7730
2.9957,-19.5303
3.0043,-19.3096
3.0129,-19.0889
3.0215,-18.8903
3.0300,-18.6696
3.0386,-18.4931
3.0472,-18.2945
3.0558,-18.1620
3.0644,-18.0076
3.0730,-17.8972
3.0815,-17.7648
3.0901,-17.6103
3.0987,-17.4779
3.1073,-17.3014
3.1159,-17.1690
3.1245,-17.0145
3.1330,-16.8821
3.1416,-16.7497
3.1502,-16.6393
3.1588,-16.5069
3.1674,-16.4187
3.1760,-16.2863
3.1845,-16.1980
3.1931,-16.0656
3.2017,-15.9773
3.2103,-15.8449
3.2189,-15.7566
3.2275,-15.6463
3.2361,-15.5801
3.2446,-15.5139
3.2532,-15.4477
3.2618,-15.3815
3.2704,-15.2932
3.2790,-15.2270
3.2876,-15.1608
3.2961,-15.0946
3.3047,-15.0284
3.3133,-14.9622
3.3219,-14.8960
3.3305,-14.8298
3.3391,-14.7636
3.3476,-14.6974
3.3562,-14.6311
3.3648,-14.5649
3.3734,-14.5208
3.3820,-14.4767
3.3906,-14.4105
3.3991,-14.3443
3.4077,-14.3001
3.4163,-14.2560
3.4249,-14.2119
3.4335,-14.1898
3.4421,-14.1677
3.4506,-14.1456
3.4592,-14.1236
3.4678,-14.0794
3.4764,-14.0353
3.4850,-13.9912
3.4936,-13.9470
3.5021,-13.9250
3.5107,-13.9029
3.5193,-13.8808
3.5279,-13.8588
3.5365,-13.8367
3.5451,-13.8146
3.5536,-13.7926
3.5622,-13.7705
3.5708,-13.7484
3.5794,-13.7264
3.5880,-13.7043
3.5966,-13.6822
3.6052,-13.6602
3.6137,-13.6381
3.6223,-13.6160
3.6309,-13.6160
3.6395,-13.6160
3.6481,-13.6160
3.6567,-13.5939
3.6652,-13.5719
3.6738,-13.5719
3.6824,-13.5719
3.6910,-13.5719
3.6996,-13.5719
3.7082,-13.5719
3.7167,-13.5719
3.7253,-13.5719
3.7339,-13.5719
3.7425,-13.5719
3.7511,-13.5719
3.7597,-13.5719
3.7682,-13.5719
3.7768,-13.5939
3.7854,-13.6160
3.7940,-13.6160
3.8026,-13.6160
3.8112,-13.6160
3.8197,-13.6381
3.8283,-13.6602
3.8369,-13.6602
3.8455,-13.6602
3.8541,-13.6822
3.8627,-13.7043
3.8712,-13.7264
3.8798,-13.7484
3.8884,-13.7705
3.8970,-13.7926
3.9056,-13.8146
3.9142,-13.8367
3.9227,-13.8588
3.9313,-13.8808
3.9399,-13.9029
3.9485,-13.9250
3.9571,-13.9470
3.9657,-13.9691
3.9742,-13.9912
3.9828,-14.0353
3.9914,-14.0574
4.0000,-14.0794
4.0086,-14.1015
4.0172,-14.1236
4.0258,-14.1456
4.0343,-14.1677
4.0429,-14.2119
4.0515,-14.2560
4.0601,-14.3001
4.0687,-14.3443
4.0773,-14.3884
4.0858,-14.4325
4.0944,-14.4546
4.1030,-14.4767
4.1116,-14.5208
4.1202,-14.5649
4.1288,-14.6091
4.1373,-14.6532
4.1459,-14.7194
4.1545,-14.7856
4.1631,-14.8298
4.1717,-14.8518
4.1803,-14.8739
4.1888,-14.9180
4.1974,-14.9622
4.2060,-15.0284
4.2146,-15.0946
4.2232,-15.1608
4.2318,-15.2270
4.2403,-15.2932
4.2489,-15.3594
4.2575,-15.4035
4.2661,-15.4697
4.2747,-15.5580
4.2833,-15.6242
4.2918,-15.6904
4.3004,-15.7566
4.3090,-15.8228
4.3176,-15.9111
4.3262,-15.9994
4.3348,-16.0876
4.3433,-16.1759
4.3519,-16.2421
4.3605,-16.2863
4.3691,-16.3304
4.3777,-16.3966
4.3863,-16.5069
4.3948,-16.5952
4.4034,-16.7055
4.4120,-16.7938
4.4206,-16.8821
4.4292,-16.9704
4.4378,-17.0807
4.4464,-17.1690
4.4549,-17.3014
4.4635,-17.3897
4.4721,-17.5221
4.4807,-17.6324
4.4893,-17.7648
4.4979,-17.8752
4.5064,-18.0076
4.5150,-18.1179
4.5236,-18.2503
4.5322,-18.3607
4.5408,-18.4710
4.5494,-18.5593
4.5579,-18.6696
4.5665,-18.7799
4.5751,-18.9124
4.5837,-19.0448
4.5923,-19.1772
4.6009,-19.3096
4.6094,-19.4420
4.6180,-19.5965
4.6266,-19.7289
4.6352,-19.8834
4.6438,-20.0158
4.6524,-20.1482
4.6609,-20.2585
4.6695,-20.3909
4.6781,-20.4792
4.6867,-20.6116
4.6953,-20.6999
4.7039,-20.8102
4.7124,-20.8764
4.7210,-20.9426
4.7296,-21.0088
4.7382,-21.0530
4.7468,-21.0971
4.7554,-21.1412
4.7639,-21.1854
4.7725,-21.2074
4.7811,-21.2074
4.7897,-21.2074
4.7983,-21.2074
4.8069,-21.1854
4.8155,-21.1192
4.8240,-21.0530
4.8326,-20.9868
4.8412,-20.8985
4.8498,-20.7881
4.8584,-20.6999
4.8670,-20.5675
4.8755,-20.4571
4.8841,-20.3247
4.8927,-20.1923
4.9013,-20.0378
4.9099,-19.9275
4.9185,-19.7951
4.9270,-19.7068
4.9356,-19.5965
4.9442,-19.4641
4.9528,-19.3317
4.9614,-19.1551
4.9700,-19.0227
4.9785,-18.8462
4.9871,-18.7137
4.9957,-18.5372
5.0043,-18.4048
5.0129,-18.2282
5.0215,-18.0958
5.0300,-17.9193
5.0386,-17.7869
5.0472,-17.6324
5.0558,-17.5000
5.0644,-17.3676
5.0730,-17.2352
5.0815,-17.1028
5.0901,-17.0145
5.0987,-16.9262
5.1073,-16.8380
5.1159,-16.7497
5.1245,-16.6393
5.1330,-16.5511
5.1416,-16.4187
5.1502,-16.3304
5.1588,-16.1980
5.1674,-16.1097
5.1760,-15.9773
5.1845,-15.8890
5.1931,-15.7787
5.2017,-15.6904
5.2103,-15.6021
5.2189,-15.5139
5.2275,-15.4256
5.2361,-15.3373
5.2446,-15.2491
5.2532,-15.1828
5.2618,-15.1166
5.2704,-15.0504
5.2790,-14.9842
5.2876,-14.9180
5.2961,-14.8739
5.3047,-14.8077
5.3133,-14.7415
5.3219,-14.6753
5.3305,-14.6091
5.3391,-14.5429
5.3476,-14.4767
5.3562,-14.4105
5.3648,-14.3443
5.3734,-14.3001
5.3820,-14.2560
5.3906,-14.1898
5.3991,-14.1236
5.4077,-14.0574
5.4163,-13.9912
5.4249,-13.9470
5.4335,-13.9029
5.4421,-13.8588
5.4506,-13.8146
5.4592,-13.7484
5.4678,-13.6822
5.4764,-13.6381
5.4850,-13.6160
5.4936,-13.5939
5.5021,-13.5498
5.5107,-13.5057
5.5193,-13.4615
5.5279,-13.4174
5.5365,-13.3733
5.5451,-13.3291
5.5536,-13.2850
5.5622,-13.2409
5.5708,-13.1967
5.5794,-13.1526
5.5880,-13.1084
5.5966,-13.0643
5.6052,-13.0202
5.6137,-12.9760
5.6223,-12.9319
5.6309,-12.8878
5.6395,-12.8436
5.6481,-12.7995
5.6567,-12.7554
5.6652,-12.7333
5.6738,-12.7112
5.6824,-12.6671
5.6910,-12.6230
5.6996,-12.5788
5.7082,-12.5347
5.7167,-12.4905
5.7253,-12.4464
5.7339,-12.4243
5.7425,-12.4023
5.7511,-12.3581
5.7597,-12.3140
5.7682,-12.2699
5.7768,-12.2257
5.7854,-12.1816
5.7940,-12.1375
5.8026,-12.1154
5.8112,-12.0933
5.8197,-12.0492
5.8283,-12.0050
5.8369,-11.9609
5.8455,-11.9388
5.8541,-11.9168
5.8627,-11.8947
5.8712,-11.8726
5.8798,-11.8285
5.8884,-11.7844
5.8970,-11.7402
5.9056,-11.6961
5.9142,-11.6740
5.9227,-11.6520
5.9313,-11.6078
5.9399,-11.5637
5.9485,-11.5416
5.9571,-11.5195
5.9657,-11.4754
5.9742,-11.4313
5.9828,-11.4092
5.9914,-11.3871
6.0000,-11.3430
6.0086,-11.2989
6.0172,-11.2768
6.0258,-11.2547
6.0343,-11.2106
6.0429,-11.1885
6.0515,-11.1665
6.0601,-11.1444
6.0687,-11.1223
6.0773,-11.0782
6.0858,-11.0340
6.0944,-11.0120
6.1030,-10.9899
6.1116,-10.9678
6.1202,-10.9458
6.1288,-10.9237
6.1373,-10.9016
6.1459,-10.8575
6.1545,-10.8134
6.1631,-10.7913
6.1717,-10.7692
6.1803,-10.7472
6.1888,-10.7251
6.1974,-10.7030
6.2060,-10.6810
6.2146,-10.6589
6.2232,-10.6589
6.2318,-10.6368
6.2403,-10.6148
6.2489,-10.5927
6.2575,-10.5706
6.2661,-10.5485
6.2747,-10.5265
6.2833,-10.5044
6.2918,-10.4823
6.3004,-10.4823
6.3090,-10.4823
6.3176,-10.4603
6.3262,-10.4382
6.3348,-10.4161
6.3433,-10.3941
6.3519,-10.3941
6.3605,-10.3941
6.3691,-10.3941
6.3777,-10.3941
6.3863,-10.3720
6.3948,-10.3499
6.4034,-10.3499
6.4120,-10.3499
6.4206,-10.3499
6.4292,-10.3499
6.4378,-10.3499
6.4464,-10.3279
6.4549,-10.3058
6.4635,-10.3058
6.4721,-10.3058
6.4807,-10.3279
6.4893,-10.3499
6.4979,-10.3499
6.5064,-10.3499
6.5150,-10.3499
6.5236,-10.3499
6.5322,-10.3499
6.5408,-10.3499
6.5494,-10.3720
6.5579,-10.3941
6.5665,-10.3941
6.5751,-10.3941
6.5837,-10.3941
6.5923,-10.4161
6.6009,-10.4382
6.6094,-10.4603
6.6180,-10.4823
6.6266,-10.4823
6.6352,-10.4823
6.6438,-10.5044
6.6524,-10.5265
6.6609,-10.5485
6.6695,-10.5706
6.6781,-10.5927
6.6867,-10.6148
6.6953,-10.6368
6.7039,-10.6589
6.7124,-10.6810
6.7210,-10.7251
6.7296,-10.7692
6.7382,-10.7913
6.7468,-10.8134
6.7554,-10.8354
6.7639,-10.8575
6.7725,-10.9016
6.7811,-10.9237
6.7897,-10.9458
6.7983,-10.9678
6.8069,-10.9899
6.8155,-11.0340
6.8240,-11.0782
6.8326,-11.1003
6.8412,-11.1223
6.8498,-11.1665
6.8584,-11.2106
6.8670,-11.2547
6.8755,-11.2989
6.8841,-11.3430
6.8927,-11.3871
6.9013,-11.4313
6.9099,-11.4754
6.9185,-11.5195
6.9270,-11.5637
6.9356,-11.6078
6.9442,-11.6520
6.9528,-11.6961
6.9614,-11.7182
6.9700,-11.7402
6.9785,-11.8064
6.9871,-11.8726
6.9957,-11.9168
7.0043,-11.9609
7.0129,-12.0271
7.0215,-12.0933
7.0300,-12.1375
7.0386,-12.1816
7.0472,-12.2478
7.0558,-12.3140
7.0644,-12.3802
7.0730,-12.4464
7.0815,-12.4905
7.0901,-12.5347
7.0987,-12.6009
7.1073,-12.6671
7.1159,-12.7333
7.1245,-12.7995
7.1330,-12.8436
7.1416,-12.8878
7.1502,-12.9319
7.1588,-12.9981
7.1674,-13.0864
7.1760,-13.1747
7.1845,-13.2409
7.1931,-13.3071
7.2017,-13.3733
7.2103,-13.4395
7.2189,-13.5277
7.2275,-13.6160
7.2361,-13.6822
7.2446,-13.7484
7.2532,-13.8367
7.2618,-13.9250
7.2704,-13.9912
7.2790,-14.0574
7.2876,-14.1456
7.2961,-14.2339
7.3047,-14.3222
7.3133,-14.4105
7.3219,-14.4767
7.3305,-14.5429
7.3391,-14.6091
7.3476,-14.6532
7.3562,-14.7194
7.3648,-14.8077
7.3734,-14.8960
7.3820,-14.9842
7.3906,-15.0725
7.3991,-15.1608
7.4077,-15.2491
7.4163,-15.3373
7.4249,-15.4256
7.4335,-15.5139
7.4421,-15.6021
7.4506,-15.6904
7.4592,-15.7787
7.4678,-15.8670
7.4764,-15.9552
7.4850,-16.0435
7.4936,-16.1318
7.5021,-16.1980
7.5107,-16.2642
7.5193,-16.3304
7.5279,-16.3966
7.5365,-16.4849
7.5451,-16.5731
7.5536,-16.6614
7.5622,-16.7497
7.5708,-16.8380
7.5794,-16.9262
7.5880,-17.0145
7.5966,-17.1028
7.6052,-17.1910
7.6137,-17.2573
7.6223,-17.3235
7.6309,-17.4117
7.6395,-17.5000
7.6481,-17.5662
7.6567,-17.6324
7.6652,-17.7207
7.6738,-17.8090
7.6824,-17.8752
7.6910,-17.9193
7.6996,-17.9634
7.7082,-18.0076
7.7167,-18.0738
7.7253,-18.1400
7.7339,-18.2062
7.7425,-18.2724
7.7511,-18.3165
7.7597,-18.3607
7.7682,-18.4269
7.7768,-18.4931
7.7854,-18.5372
7.7940,-18.5813
7.8026,-18.6255
7.8112,-18.6696
7.8197,-18.7137
7.8283,-18.7579
7.8369,-18.8020
7.8455,-18.8462
7.8541,-18.8682
7.8627,-18.8903
7.8712,-18.9124
7.8798,-18.9344
7.8884,-18.9565
7.8970,-18.9565
7.9056,-18.9786
7.9142,-19.0006
7.9227,-19.0227
7.9313,-19.0448
7.9399,-19.0448
7.9485,-19.0448
7.9571,-19.0668
7.9657,-19.0889
7.9742,-19.0889
7.9828,-19.0889
7.9914,-19.0889
8.0000,-19.0889
8.0086,-19.0889
8.0172,-19.0889
8.0258,-19.0889
8.0343,-19.0889
8.0429,-19.0889
8.0515,-19.0889
8.0601,-19.0889
8.0687,-19.0889
8.0773,-19.0889
8.0858,-19.0668
8.0944,-19.0448
8.1030,-19.0448
8.1116,-19.0448
8.1202,-19.0227
8.1288,-19.0006
8.1373,-19.0006
8.1459,-19.0006
8.1545,-18.9786
8.1631,-18.9565
8.1717,-18.9565
8.1803,-18.9565
8.1888,-18.9344
8.1974,-18.9124
8.2060,-18.9124
8.2146,-18.9124
8.2232,-18.8903
8.2318,-18.8682
8.2403,-18.8682
8.2489,-18.8682
8.2575,-18.8682
8.2661,-18.8462
8.2747,-18.8241
8.2833,-18.8241
8.2918,-18.8241
8.3004,-18.8020
8.3090,-18.7799
8.3176,-18.7799
8.3262,-18.7799
8.3348,-18.7799
8.3433,-18.7799
8.3519,-18.7579
8.3605,-18.7358
8.3691,-18.7358
8.3777,-18.7358
8.3863,-18.7358
8.3948,-18.7358
8.4034,-18.7358
8.4120,-18.7358
8.4206,-18.7358
8.4292,-18.7358
8.4378,-18.7579
8.4464,-18.7799
8.4549,-18.7799
8.4635,-18.7799
8.4721,-18.7799
8.4807,-18.7799
8.4893,-18.7799
8.4979,-18.8020
8.5064,-18.8241
8.5150,-18.8462
8.5236,-18.8682
8.5322,-18.8682
8.5408,-18.8682
8.5494,-18.8903
8.5579,-18.9124
8.5665,-18.9344
8.5751,-18.9565
8.5837,-18.9786
8.5923,-19.0006
8.6009,-19.0227
8.6094,-19.0448
8.6180,-19.0668
8.6266,-19.1110
8.6352,-19.1330
8.6438,-19.1551
8.6524,-19.1772
8.6609,-19.1992
8.6695,-19.2434
8.6781,-19.2875
8.6867,-19.3096
8.6953,-19.3317
8.7039,-19.3758
8.7124,-19.4199
8.7210,-19.4641
8.7296,-19.5082
8.7382,-19.5523
8.7468,-19.5965
8.7554,-19.6406
8.7639,-19.6847
8.7725,-19.7509
8.7811,-19.8172
8.7897,-19.8613
8.7983,-19.9054
8.8069,-19.9496
8.8155,-19.9937
8.8240,-20.0378
8.8326,-20.0820
8.8412,-20.1261
8.8498,-20.1923
8.8584,-20.2585
8.8670,-20.3247
8.8755,-20.3909
8.8841,-20.4571
8.8927,-20.5233
8.9013,-20.5895
8.9099,-20.6557
8.9185,-20.7219
8.9270,-20.8102
8.9356,-20.8985
8.9442,-20.9647
8.9528,-21.0309
8.9614,-21.0971
8.9700,-21.1633
8.9785,-21.2295
8.9871,-21.2736
8.9957,-21.3178
9.0043,-21.3840
9.0129,-21.4723
9.0215,-21.5385
9.0300,-21.6047
9.0386,-21.6709
9.0472,-21.7371
9.0558,-21.8033
9.0644,-21.8474
9.0730,-21.8916
9.0815,-21.9578
9.0901,-22.0240
9.0987,-22.0681
9.1073,-22.1122
9.1159,-22.1564
9.1245,-22.2005
9.1330,-22.2446
9.1416,-22.2888
9.1502,-22.3108
9.1588,-22.3329
9.1674,-22.3550
9.1760,-22.3770
9.1845,-22.3991
9.1931,-22.3991
9.2017,-22.3991
9.2103,-22.3991
9.2189,-22.3991
9.2275,-22.3991
9.2361,-22.3770
9.2446,-22.3550
9.2532,-22.3329
9.2618,-22.3108
9.2704,-22.2888
9.2790,-22.2446
9.2876,-22.2005
9.2961,-22.1343
9.3047,-22.0681
9.3133,-22.0019
9.3219,-21.9357
9.3305,-21.8695
9.3391,-21.7812
9.3476,-21.6929
9.3562,-21.6267
9.3648,-21.5605
9.3734,-21.4943
9.3820,-21.4281
9.3906,-21.3398
9.3991,-21.2516
9.4077,-21.1633
9.4163,-21.0750
9.4249,-20.9647
9.4335,-20.8764
9.4421,-20.7440
9.4506,-20.6557
9.4592,-20.5233
9.4678,-20.4351
9.4764,-20.3026
9.4850,-20.1923
9.4936,-20.0599
9.5021,-19.9496
9.5107,-19.8172
9.5193,-19.7289
9.5279,-19.5965
9.5365,-19.5303
9.5451,-19.4420
9.5536,-19.3537
9.5622,-19.2434
9.5708,-19.1330
9.5794,-19.0227
9.5880,-18.8903
9.5966,-18.8020
9.6052,-18.6696
9.6137,-18.5813
9.6223,-18.4489
9.6309,-18.3607
9.6395,-18.2282
9.6481,-18.1400
9.6567,-18.0076
9.6652,-17.9193
9.6738,-17.7869
9.6824,-17.6986
9.6910,-17.5662
9.6996,-17.4779
9.7082,-17.3455
9.7167,-17.2573
9.7253,-17.1248
9.7339,-17.0586
9.7425,-16.9704
9.7511,-16.9042
9.7597,-16.8380
9.7682,-16.7276
9.7768,-16.6393
9.7854,-16.5290
9.7940,-16.4407
9.8026,-16.3525
9.8112,-16.2642
9.8197,-16.1759
9.8283,-16.0876
9.8369,-15.9994
9.8455,-15.9111
9.8541,-15.8228
9.8627,-15.7346
9.8712,-15.6463
9.8798,-15.5580
9.8884,-15.4697
9.8970,-15.4035
9.9056,-15.3373
9.9142,-15.2711
9.9227,-15.2049
9.9313,-15.1387
9.9399,-15.0946
9.9485,-15.0284
9.9571,-14.9622
9.9657,-14.8960
9.9742,-14.8298
9.9828,-14.7636
9.9914,-14.6974
10.0000,-14.6311
10.0086,-14.5649
10.0172,-14.4987
10.0258,-14.4325
10.0343,-14.3663
10.0429,-14.3001
10.0515,-14.2339
10.0601,-14.1677
10.0687,-14.1015
10.0773,-14.0353
10.0858,-13.9912
10.0944,-13.9470
10.1030,-13.9029
10.1116,-13.8588
10.1202,-13.8146
10.1288,-13.7705
10.1373,-13.7264
10.1459,-13.6822
10.1545,-13.6381
10.1631,-13.5939
10.1717,-13.5498
10.1803,-13.4836
10.1888,-13.4174
10.1974,-13.3733
10.2060,-13.3291
10.2146,-13.2850
10.2232,-13.2409
10.2318,-13.2188
10.2403,-13.1967
10.2489,-13.1526
10.2575,-13.1084
10.2661,-13.0643
10.2747,-13.0202
10.2833,-12.9760
10.2918,-12.9319
10.3004,-12.9098
10.3090,-12.9098
10.3176,-12.8878
10.3262,-12.8436
10.3348,-12.7995
10.3433,-12.7774
10.3519,-12.7554
10.3605,-12.7112
10.3691,-12.6671
10.3777,-12.6450
10.3863,-12.6230
10.3948,-12.6009
10.4034,-12.5788
10.4120,-12.5567
10.4206,-12.5347
10.4292,-12.4905
10.4378,-12.4464
10.4464,-12.4243
10.4549,-12.4023
10.4635,-12.3802
10.4721,-12.3581
10.4807,-12.3361
10.4893,-12.3361
10.4979,-12.3140
10.5064,-12.2919
10.5150,-12.2699
10.5236,-12.2478
10.5322,-12.2257
10.5408,-12.2037
10.5494,-12.2037
10.5579,-12.2037
10.5665,-12.1816
10.5751,-12.1595
10.5837,-12.1375
10.5923,-12.1154
10.6009,-12.0933
10.6094,-12.0712
10.6180,-12.0712
10.6266,-12.0712
10.6352,-12.0492
10.6438,-12.0271
10.6524,-12.0050
10.6609,-11.9830
10.6695,-11.9830
10.6781,-11.9830
10.6867,-11.9830
10.6953,-11.9609
10.7039,-11.9388
10.7124,-11.9388
10.7210,-11.9388
10.7296,-11.9168
10.7382,-11.8947
10.7468,-11.8726
10.7554,-11.8506
10.7639,-11.8506
10.7725,-11.8506
10.7811,-11.8506
10.7897,-11.8506
10.7983,-11.8285
10.8069,-11.8064
10.8155,-11.8064
10.8240,-11.8064
10.8326,-11.7844
10.8412,-11.7623
10.8498,-11.7623
10.8584,-11.7623
10.8670,-11.7623
10.8755,-11.7402
10.8841,-11.7182
10.8927,-11.7182
10.9013,-11.7182
10.9099,-11.7182
10.9185,-11.7182
10.9270,-11.6961
10.9356,-11.6740
10.9442,-11.6740
10.9528,-11.6740
10.9614,-11.6520
10.9700,-11.6299
10.9785,-11.6299
10.9871,-11.6299
10.9957,-11.6299
11.0043,-11.6299
11.0129,-11.6078
11.0215,-11.5858
11.0300,-11.5858
11.0386,-11.5858
11.0472,-11.5858
11.0558,-11.5858
11.0644,-11.5858
11.0730,-11.5637
11.0815,-11.5416
11.0901,-11.5416
11.0987,-11.5416
11.1073,-11.5416
11.1159,-11.5416
11.1245,-11.5195
11.1330,-11.4975
11.1416,-11.4975
11.1502,-11.4975
11.1588,-11.4975
11.1674,-11.4975
11.1760,-11.4754
11.1845,-11.4533
11.1931,-11.4533
11.2017,-11.4533
11.2103,-11.4313
11.2189,-11.4092
11.2275,-11.4092
11.2361,-11.4092
11.2446,-11.4092
11.2532,-11.4092
11.2618,-11.4092
11.2704,-11.3871
11.2790,-11.3651
11.2876,-11.3651
11.2961,-11.3651
11.3047,-11.3430
11.3133,-11.3209
11.3219,-11.3209
11.3305,-11.3209
11.3391,-11.2989
11.3476,-11.2768
11.3562,-11.2768
11.3648,-11.2768
11.3734,-11.2768
11.3820,-11.2768
11.3906,-11.2547
11.3991,-11.2327
11.4077,-11.2327
11.4163,-11.2327
11.4249,-11.2327
11.4335,-11.2106
11.4421,-11.1885
11.4506,-11.1885
11.4592,-11.1885
11.4678,-11.1665
11.4764,-11.1444
11.4850,-11.1444
11.4936,-11.1444
11.5021,-11.1223
11.5107,-11.1003
11.5193,-11.1003
11.5279,-11.1003
11.5365,-11.0782
11.5451,-11.0561
11.5536,-11.0561
11.5622,-11.0561
11.5708,-11.0340
11.5794,-11.0120
11.5880,-11.0120
11.5966,-11.0120
11.6052,-11.0120
11.6137,-10.9899
11.6223,-10.9678
11.6309,-10.9678
11.6395,-10.9678
11.6481,-10.9458
11.6567,-10.9237
11.6652,-10.9237
11.6738,-10.9237
11.6824,-10.9016
11.6910,-10.8796
11.6996,-10.8796
11.7082,-10.8796
11.7167,-10.8575
11.7253,-10.8354
11.7339,-10.8354
11.7425,-10.8354
11.7511,-10.8134
11.7597,-10.7913
11.7682,-10.7913
11.7768,-10.7913
11.7854,-10.7913
11.7940,-10.7692
11.8026,-10.7472
11.8112,-10.7472
11.8197,-10.7472
11.8283,-10.7472
11.8369,-10.7472
11.8455,-10.7251
11.8541,-10.7030
11.8627,-10.7030
11.8712,-10.7030
11.8798,-10.6810
11.8884,-10.6589
11.8970,-10.6589
11.9056,-10.6589
11.9142,-10.6589
11.9227,-10.6589
11.9313,-10.6368
11.9399,-10.6148
11.9485,-10.6148
11.9571,-10.6148
11.9657,-10.6148
11.9742,-10.6148
11.9828,-10.6148
11.9914,-10.5927
12.0000,-10.5706
12.0086,-10.5706
12.0172,-10.5706
12.0258,-10.5706
12.0343,-10.5706
12.0429,-10.5485
12.0515,-10.5265
12.0601,-10.5265
12.0687,-10.5265
12.0773,-10.5265
12.0858,-10.5265
12.0944,-10.5265
12.1030,-10.5265
12.1116,-10.5265
12.1202,-10.5265
12.1288,-10.5265
12.1373,-10.5265
12.1459,-10.5265
12.1545,-10.5265
12.1631,-10.5265
12.1717,-10.5265
12.1803,-10.5265
12.1888,-10.5044
12.1974,-10.4823
12.2060,-10.4823
12.2146,-10.4823
12.2232,-10.4823
12.2318,-10.4823
12.2403,-10.5044
12.2489,-10.5265
12.2575,-10.5265
12.2661,-10.5265
12.2747,-10.5265
12.2833,-10.5265
12.2918,-10.5265
12.3004,-10.5265
12.3090,-10.5265
12.3176,-10.5265
12.3262,-10.5265
12.3348,-10.5265
12.3433,-10.5265
12.3519,-10.5265
12.3605,-10.5265
12.3691,-10.5485
12.3777,-10.5706
12.3863,-10.5706
12.3948,-10.5706
12.4034,-10.5706
12.4120,-10.5706
12.4206,-10.5927
12.4292,-10.6148
12.4378,-10.6148
12.4464,-10.6148
12.4549,-10.6148
12.4635,-10.6148
12.4721,-10.6368
12.4807,-10.6589
12.4893,-10.6589
12.4979,-10.6589
12.5064,-10.6589
12.5150,-10.6589
12.5236,-10.6589
12.5322,-10.6810
12.5408,-10.7030
12.5494,-10.7030
12.5579,-10.7030
12.5665,-10.7251
12.5751,-10.7472
12.5837,-10.7472
12.5923,-10.7472
12.6009,-10.7692
12.6094,-10.7913
12.6180,-10.7913
12.6266,-10.7913
12.6352,-10.8134
12.6438,-10.8354
12.6524,-10.8354
12.6609,-10.8354
12.6695,-10.8575
12.6781,-10.8796
12.6867,-10.9016
12.6953,-10.9237
12.7039,-10.9237
12.7124,-10.9237
12.7210,-10.9237
12.7296,-10.9458
12.7382,-10.9678
12.7468,-10.9899
12.7554,-11.0120
12.7639,-11.0120
12.7725,-11.0120
12.7811,-11.0340
12.7897,-11.0561
12.7983,-11.0782
12.8069,-11.1003
12.8155,-11.1003
12.8240,-11.1003
12.8326,-11.1223
12.8412,-11.1444
12.8498,-11.1665
12.8584,-11.1885
12.8670,-11.2106
12.8755,-11.2327
12.8841,-11.2547
12.8927,-11.2768
12.9013,-11.2768
12.9099,-11.2768
12.9185,-11.2768
12.9270,-11.2989
12.9356,-11.3209
12.9442,-11.3430
12.9528,-11.3651
12.9614,-11.3871
12.9700,-11.4092
12.9785,-11.4313
12.9871,-11.4533
12.9957,-11.4754
13.0043,-11.4975
13.0129,-11.5195
13.0215,-11.5416
13.0300,-11.5416
13.0386,-11.5416
13.0472,-11.5637
13.0558,-11.5858
13.0644,-11.6078
13.0730,-11.6299
13.0815,-11.6299
13.0901,-11.6520
13.0987,-11.6740
13.1073,-11.6961
13.1159,-11.7182
13.1245,-11.7402
13.1330,-11.7623
13.1416,-11.7844
13.1502,-11.8064
13.1588,-11.8285
13.1674,-11.8726
13.1760,-11.9168
13.1845,-11.9388
13.1931,-11.9609
13.2017,-11.9830
13.2103,-12.0050
13.2189,-12.0271
13.2275,-12.0492
13.2361,-12.0712
13.2446,-12.0933
13.2532,-12.1375
13.2618,-12.1816
13.2704,-12.2037
13.2790,-12.2037
13.2876,-12.2257
13.2961,-12.2478
13.3047,-12.2699
13.3133,-12.3140
13.3219,-12.3581
13.3305,-12.3802
13.3391,-12.4023
13.3476,-12.4243
13.3562,-12.4464
13.3648,-12.4905
13.3734,-12.5347
13.3820,-12.5788
13.3906,-12.6230
13.3991,-12.6450
13.4077,-12.6671
13.4163,-12.7112
13.4249,-12.7554
13.4335,-12.7995
13.4421,-12.8436
13.4506,-12.8878
13.4592,-12.9098
13.4678,-12.9319
13.4764,-12.9760
13.4850,-13.0202
13.4936,-13.0643
13.5021,-13.1084
13.5107,-13.1526
13.5193,-13.1967
13.5279,-13.2409
13.5365,-13.2850
13.5451,-13.3512
13.5536,-13.4174
13.5622,-13.4615
13.5708,-13.5057
13.5794,-13.5719
13.5880,-13.6381
13.5966,-13.6822
13.6052,-13.7264
13.6137,-13.7926
13.6223,-13.8588
13.6309,-13.9029
13.6395,-13.9470
13.6481,-14.0132
13.6567,-14.1015
13.6652,-14.1677
13.6738,-14.2339
13.6824,-14.3222
13.6910,-14.4105
13.6996,-14.4767
13.7082,-14.5429
13.7167,-14.6311
13.7253,-14.7194
13.7339,-14.8077
13.7425,-14.9180
13.7511,-15.0063
13.7597,-15.1166
13.7682,-15.2049
13.7768,-15.3153
13.7854,-15.4035
13.7940,-15.5359
13.8026,-15.6242
13.8112,-15.7346
13.8197,-15.8008
13.8283,-15.8670
13.8369,-15.9552
13.8455,-16.0435
13.8541,-16.1538
13.8627,-16.2642
13.8712,-16.3966
13.8798,-16.5069
13.8884,-16.6393
13.8970,-16.7497
13.9056,-16.8821
13.9142,-17.0145
13.9227,-17.1690
13.9313,-17.3014
13.9399,-17.4779
13.9485,-17.6324
13.9571,-17.8090
13.9657,-17.9855
13.9742,-18.1620
13.9828,-18.3386
13.9914,-18.5372
14.0000,-18.6917
14.0086,-18.8682
14.0172,-19.0006
14.0258,-19.1772
14.0343,-19.3537
14.0429,-19.5744
14.0515,-19.8172
14.0601,-20.0378
14.0687,-20.3026
14.0773,-20.5233
14.0858,-20.7881
14.0944,-21.0309
14.1030,-21.3178
14.1116,-21.5826
14.1202,-21.8916
14.1288,-22.1564
14.1373,-22.4653
14.1459,-22.7522
14.1545,-23.0612
14.1631,-23.3701
14.1717,-23.6791
14.1803,-23.9218
14.1888,-24.1866
14.1974,-24.3852
14.2060,-24.6501
14.2146,-24.9149
14.2232,-25.2018
14.2318,-25.5107
14.2403,-25.7535
14.2489,-26.0404
14.2575,-26.2390
14.2661,-26.4817
14.2747,-26.6362
14.2833,-26.8127
14.2918,-26.9010
14.3004,-26.9672
14.3090,-26.9893
14.3176,-26.9672
14.3262,-26.9010
14.3348,-26.7907
14.3433,-26.6583
14.3519,-26.5038
14.3605,-26.3493
14.3691,-26.1728
14.3777,-26.0183
14.3863,-25.8197
14.3948,-25.5990
14.4034,-25.3562
14.4120,-25.0694
14.4206,-24.8045
14.4292,-24.5177
14.4378,-24.2528
14.4464,-23.9660
14.4549,-23.7011
14.4635,-23.4142
14.4721,-23.1494
14.4807,-22.8846
14.4893,-22.6198
14.4979,-22.3550
14.5064,-22.1122
14.5150,-21.8474
14.5236,-21.6267
14.5322,-21.3840
14.5408,-21.1633
14.5494,-20.9426
14.5579,-20.7661
14.5665,-20.5895
14.5751,-20.4351
14.5837,-20.2806
14.5923,-20.0820
14.6009,-19.9054
14.6094,-19.7068
14.6180,-19.5303
14.6266,-19.3537
14.6352,-19.1772
14.6438,-19.0006
14.6524,-18.8241
14.6609,-18.6475
14.6695,-18.4931
14.6781,-18.3165
14.6867,-18.1841
14.6953,-18.0076
14.7039,-17.8752
14.7124,-17.7207
14.7210,-17.5883
14.7296,-17.4559
14.7382,-17.3455
14.7468,-17.2352
14.7554,-17.1469
14.7639,-17.0366
14.7725,-16.9262
14.7811,-16.7938
14.7897,-16.6614
14.7983,-16.5511
14.8069,-16.4187
14.8155,-16.3304
14.8240,-16.1980
14.8326,-16.1097
14.8412,-15.9773
14.8498,-15.8890
14.8584,-15.7566
14.8670,-15.6683
14.8755,-15.5359
14.8841,-15.4477
14.8927,-15.3373
14.9013,-15.2491
14.9099,-15.1387
14.9185,-15.0725
14.9270,-14.9842
14.9356,-14.9180
14.9442,-14.8518
14.9528,-14.7636
14.9614,-14.6753
14.9700,-14.5870
14.9785,-14.4987
14.9871,-14.4105
14.9957,-14.3222
15.0043,-14.2339
15.0129,-14.1456
15.0215,-14.0574
15.0300,-13.9912
15.0386,-13.9250
15.0472,-13.8367
15.0558,-13.7484
15.0644,-13.6822
15.0730,-13.6160
15.0815,-13.5277
15.0901,-13.4395
15.0987,-13.3733
15.1073,-13.3071
15.1159,-13.2409
15.1245,-13.1747
15.1330,-13.1084
15.1416,-13.0643
15.1502,-12.9981
15.1588,-12.9319
15.1674,-12.8657
15.1760,-12.7995
15.1845,-12.7333
15.1931,-12.6671
15.2017,-12.6009
15.2103,-12.5347
15.2189,-12.4685
15.2275,-12.4023
15.2361,-12.3361
15.2446,-12.2699
15.2532,-12.2037
15.2618,-12.1375
15.2704,-12.0712
15.2790,-12.0050
15.2876,-11.9609
15.2961,-11.9168
15.3047,-11.8726
15.3133,-11.8285
15.3219,-11.7844
15.3305,-11.7182
15.3391,-11.6520
15.3476,-11.6078
15.3562,-11.5637
15.3648,-11.4975
15.3734,-11.4313
15.3820,-11.3871
15.3906,-11.3430
15.3991,-11.2989
15.4077,-11.2547
15.4163,-11.1885
15.4249,-11.1223
15.4335,-11.0782
15.4421,-11.0340
15.4506,-10.9899
15.4592,-10.9458
15.4678,-10.9016
15.4764,-10.8575
15.4850,-10.8134
15.4936,-10.7913
15.5021,-10.7692
15.5107,-10.7251
15.5193,-10.6810
15.5279,-10.6368
15.5365,-10.5927
15.5451,-10.5706
15.5536,-10.5485
15.5622,-10.5044
15.5708,-10.4603
15.5794,-10.4382
15.5880,-10.4161
15.5966,-10.3720
15.6052,-10.3279
15.6137,-10.3058
15.6223,-10.2837
15.6309,-10.2396
15.6395,-10.1955
15.6481,-10.1734
15.6567,-10.1513
15.6652,-10.1293
15.6738,-10.1072
15.6824,-10.0851
15.6910,-10.0851
15.6996,-10.0631
15.7082,-10.0410
15.7167,-10.0189
15.7253,-9.9968
15.7339,-9.9748
15.7425,-9.9527
15.7511,-9.9306
15.7597,-9.9086
15.7682,-9.9086
15.7768,-9.9086
15.7854,-9.8865
15.7940,-9.8644
15.8026,-9.8644
15.8112,-9.8644
15.8197,-9.8424
15.8283,-9.8203
15.8369,-9.8203
15.8455,-9.8203
15.8541,-9.8203
15.8627,-9.8203
15.8712,-9.8203
15.8798,-9.7982
15.8884,-9.7762
15.8970,-9.7762
15.9056,-9.7762
15.9142,-9.7762
15.9227,-9.7762
15.9313,-9.7762
15.9399,-9.7762
15.9485,-9.7762
15.9571,-9.7762
15.9657,-9.7982
15.9742,-9.8203
15.9828,-9.8203
15.9914,-9.8203
16.0000,-9.8203
16.0086,-9.8203
16.0172,-9.8203
16.0258,-9.8203
16.0343,-9.8424
16.0429,-9.8644
16.0515,-9.8644
16.0601,-9.8644
16.0687,-9.8644
16.0773,-9.8865
16.0858,-9.9086
16.0944,-9.9086
16.1030,-9.9086
16.1116,-9.9306
16.1202,-9.9527
16.1288,-9.9527
16.1373,-9.9527
16.1459,-9.9748
16.1545,-9.9968
16.1631,-10.0189
16.1717,-10.0410
16.1803,-10.0410
16.1888,-10.0410
16.1974,-10.0631
16.2060,-10.0851
16.2146,-10.1072
16.2232,-10.1293
16.2318,-10.1513
16.2403,-10.1734
16.2489,-10.1734
16.2575,-10.1734
16.2661,-10.1734
16.2747,-10.1955
16.2833,-10.2175
16.2918,-10.2396
16.3004,-10.2617
16.3090,-10.2837
16.3176,-10.3058
16.3262,-10.3279
16.3348,-10.3499
16.3433,-10.3720
16.3519,-10.3941
16.3605,-10.4161
16.3691,-10.4382
16.3777,-10.4382
16.3863,-10.4382
16.3948,-10.4603
16.4034,-10.4823
16.4120,-10.5044
16.4206,-10.5265
16.4292,-10.5265
16.4378,-10.5485
16.4464,-10.5706
16.4549,-10.5927
16.4635,-10.6148
16.4721,-10.6368
16.4807,-10.6810
16.4893,-10.7251
16.4979,-10.7472
16.5064,-10.7692
16.5150,-10.7913
16.5236,-10.8134
16.5322,-10.8354
16.5408,-10.8575
16.5494,-10.8796
16.5579,-10.9016
16.5665,-10.9237
16.5751,-10.9458
16.5837,-10.9899
16.5923,-11.0340
16.6009,-11.0561
16.6094,-11.0561
16.6180,-11.0782
16.6266,-11.1003
16.6352,-11.1223
16.6438,-11.1665
16.6524,-11.2106
16.6609,-11.2327
16.6695,-11.2547
16.6781,-11.2989
16.6867,-11.3430
16.6953,-11.3651
16.7039,-11.3871
16.7124,-11.4313
16.7210,-11.4754
16.7296,-11.4975
16.7382,-11.5195
16.7468,-11.5637
16.7554,-11.6078
16.7639,-11.6520
16.7725,-11.6961
16.7811,-11.7182
16.7897,-11.7182
16.7983,-11.7402
16.8069,-11.7844
16.8155,-11.8285
16.8240,-11.8726
16.8326,-11.9168
16.8412,-11.9609
16.8498,-12.0050
16.8584,-12.0271
16.8670,-12.0492
16.8755,-12.0933
16.8841,-12.1375
16.8927,-12.1816
16.9013,-12.2257
16.9099,-12.2699
16.9185,-12.3140
16.9270,-12.3581
16.9356,-12.4023
16.9442,-12.4464
16.9528,-12.4905
16.9614,-12.5347
16.9700,-12.5788
16.9785,-12.6230
16.9871,-12.6450
16.9957,-12.6671
17.0043,-12.7112
17.0129,-12.7554
17.0215,-12.7995
17.0300,-12.8436
17.0386,-12.8878
17.0472,-12.9319
17.0558,-12.9760
17.0644,-13.0202
17.0730,-13.0643
17.0815,-13.1084
17.0901,-13.1526
17.0987,-13.1967
17.1073,-13.2409
17.1159,-13.2850
17.1245,-13.3291
17.1330,-13.3733
17.1416,-13.4174
17.1502,-13.4615
17.1588,-13.5057
17.1674,-13.5277
17.1760,-13.5498
17.1845,-13.5939
17.1931,-13.6381
17.2017,-13.6822
17.2103,-13.7264
17.2189,-13.7705
17.2275,-13.8146
17.2361,-13.8588
17.2446,-13.9029
17.2532,-13.9470
17.2618,-13.9912
17.2704,-14.0353
17.2790,-14.0794
17.2876,-14.1236
17.2961,-14.1677
17.3047,-14.2119
17.3133,-14.2560
17.3219,-14.3001
17.3305,-14.3443
17.3391,-14.3884
17.3476,-14.4105
17.3562,-14.4325
17.3648,-14.4767
17.3734,-14.5208
17.3820,-14.5649
17.3906,-14.6091
17.3991,-14.6311
17.4077,-14.6532
17.4163,-14.6974
17.4249,-14.7415
17.4335,-14.7856
17.4421,-14.8298
17.4506,-14.8739
17.4592,-14.9180
17.4678,-14.9622
17.4764,-15.0063
17.4850,-15.0284
17.4936,-15.0504
17.5021,-15.0946
17.5107,-15.1387
17.5193,-15.1828
17.5279,-15.2270
17.5365,-15.2491
17.5451,-15.2491
17.5536,-15.2711
17.5622,-15.3153
17.5708,-15.3594
17.5794,-15.4035
17.5880,-15.4477
17.5966,-15.4697
17.6052,-15.4918
17.6137,-15.5359
17.6223,-15.5801
17.6309,-15.6021
17.6395,-15.6242
17.6481,-15.6683
17.6567,-15.7125
17.6652,-15.7346
17.6738,-15.7566
17.6824,-15.8008
17.6910,-15.8449
17.6996,-15.8670
17.7082,-15.8890
17.7167,-15.9332
17.7253,-15.9552
17.7339,-15.9773
17.7425,-15.9994
17.7511,-16.0214
17.7597,-16.0435
17.7682,-16.0656
17.7768,-16.1097
17.7854,-16.1538
17.7940,-16.1759
17.8026,-16.1980
17.8112,-16.2201
17.8197,-16.2421
17.8283,-16.2863
17.8369,-16.3304
17.8455,-16.3525
17.8541,-16.3745
17.8627,-16.3966
17.8712,-16.4187
17.8798,-16.4407
17.8884,-16.4628
17.8970,-16.5069
17.9056,-16.5290
17.9142,-16.5511
17.9227,-16.5731
17.9313,-16.5952
17.9399,-16.6173
17.9485,-16.6393
17.9571,-16.6614
17.9657,-16.6835
17.9742,-16.7055
17.9828,-16.7276
17.9914,-16.7497
