# CST Directivity,Phi=0.0,Max. Value (Subrange), dBi: the highest directivity in the phi = 0 deg plane; antenna with the 6 x 5 split-ring metasurface
# Digitised from figures/cst_single_ms_directivity.jpg by analysis/plot_directivity.py (analysis/digitize_cst_plot.py)
# scale fitted through every gridline (worst misfit 0.57 px); 1 px = 0.024 dB, 3.9 MHz; accuracy about +/-0.05 dB
# CST samples every 0.1 GHz; each value from straight-line fits of the two segments meeting there (worst disagreement 0.09 dB, at the near-vertical jumps around 3 GHz)
f_GHz,directivity_dBi
1.000,-1.664
1.100,-1.118
1.200,-0.623
1.300,-0.053
1.400,0.311
1.500,0.975
1.600,0.642
1.700,0.647
1.800,2.388
1.900,2.507
2.000,2.504
2.100,2.491
2.200,2.470
2.300,2.349
2.400,2.887
2.500,3.574
2.600,4.488
2.700,5.505
2.800,5.716
2.900,0.648
3.000,-0.178
3.100,5.487
3.200,4.674
3.300,3.245
3.400,2.243
3.500,2.123
3.600,2.212
3.700,1.986
3.800,1.534
3.900,2.830
4.000,4.036
4.100,4.962
4.200,5.123
4.300,4.154
4.400,3.545
4.500,3.868
4.600,4.807
4.700,4.497
4.800,3.346
4.900,3.293
5.000,3.448
5.100,4.162
5.200,4.588
5.300,5.147
5.400,4.958
5.500,4.349
5.600,4.466
5.700,5.515
5.800,7.791
5.900,8.816
6.000,7.737
