# CST Directivity,Phi=0.0,Max. Value (Subrange), dBi: the highest directivity in the phi = 0 deg plane; antenna alone (R = 15 mm, Lg = -7 mm)
# Digitised from figures/cst_single_final_directivity.png by analysis/plot_directivity.py (analysis/digitize_cst_plot.py)
# scale fitted through every gridline (worst misfit 0.47 px); 1 px = 0.020 dB, 19.2 MHz; accuracy about +/-0.05 dB
# smooth curve: red-pixel column centroids every 0.05 GHz
# above 6 GHz CST has only two samples: 9 GHz 4.19 dBi, 18 GHz 3.27 dBi (joined by straight lines in the screenshot), so they are left out
f_GHz,directivity_dBi
1.000,-3.275
1.050,-2.959
1.100,-2.625
1.150,-2.354
1.200,-2.089
1.250,-1.815
1.300,-1.524
1.350,-1.256
1.400,-1.009
1.450,-0.783
1.500,-0.559
1.550,-0.346
1.600,-0.154
1.650,0.006
1.700,0.169
1.750,0.332
1.800,0.495
1.850,0.657
1.900,0.802
1.950,0.944
2.000,1.087
2.050,1.221
2.100,1.338
2.150,1.440
2.200,1.542
2.250,1.644
2.300,1.756
2.350,1.868
2.400,1.970
2.450,2.072
2.500,2.162
2.550,2.256
2.600,2.345
2.650,2.412
2.700,2.482
2.750,2.565
2.800,2.641
2.850,2.714
2.900,2.784
2.950,2.855
3.000,2.925
3.050,2.985
3.100,3.047
3.150,3.108
3.200,3.169
3.250,3.232
3.300,3.290
3.350,3.341
3.400,3.392
3.450,3.443
3.500,3.494
3.550,3.527
3.600,3.562
3.650,3.607
3.700,3.639
3.750,3.668
3.800,3.683
3.850,3.709
3.900,3.725
3.950,3.733
4.000,3.720
4.050,3.713
4.100,3.708
4.150,3.681
4.200,3.647
4.250,3.602
4.300,3.567
4.350,3.496
4.400,3.424
4.450,3.337
4.500,3.247
4.550,3.135
4.600,2.991
4.650,2.838
4.700,2.685
4.750,2.504
4.800,2.300
4.850,2.086
4.900,1.860
4.950,1.649
5.000,1.435
5.050,1.200
5.100,0.951
5.150,0.735
5.200,0.530
5.250,0.356
5.300,0.225
5.350,0.147
5.400,0.080
5.450,0.064
5.500,0.054
5.550,0.086
5.600,0.152
5.650,0.308
5.700,0.512
5.750,0.757
5.800,1.023
5.850,1.286
5.900,1.518
5.950,1.708
6.000,1.869
